title,url
6 voies compatible DSM2,http://www.guixmodel.fr/modelisme/accessoires/radiocommande/recepteur/recepteur-6-voies-3-4g-compatible-dsm2-spektrum-detail
"2S, 850&nbsp;mAh",http://www.guixmodel.fr/modelisme/accessoires/accus/lipo-2s/accu-lipo-850mah-2s-kypom-35c-detail
"3S, 2,2&nbsp;Ah",https://hobbyking.com/en_us/turnigy-nano-tech-2200mah-3s-25-50c-lipo-pack.html
Flite Test,http://flitetest.com/
Experimental Airlines,https://www.youtube.com/user/ExperimentalAirlines
Hobby King,http://hobbyking.com/
Turnigy Plush 6&nbsp;A,https://hobbyking.com/en_us/turnigy-plush-6a-8bec-6g-speed-controller.html
Turnigy Plush 10&nbsp;A,https://hobbyking.com/en_us/turnigy-plush-10amp-9gram-speed-controller.html
Turnigy Plush 12&nbsp;A,https://hobbyking.com/en_us/turnigy-plush-12amp-2a-bec-besc.html
Turnigy Plush 18&nbsp;A,https://hobbyking.com/en_us/turnigy-plush-18amp-speed-controller.html
Turnigy Plush 25&nbsp;A,https://hobbyking.com/en_us/turnigy-plush-25amp-speed-controller.html
Turnigy Plush 30&nbsp;A,https://hobbyking.com/en_us/turnigy-plush-30amp-speed-controller.html
Turnigy Plush 40&nbsp;A,https://hobbyking.com/en_us/turnigy-plush-40amp-speed-controller-w-5a-bec.html
Turnigy Plush 60&nbsp;A,https://hobbyking.com/en_us/turnigy-plush-60amp-speed-controller.html
Turnigy Plush 100&nbsp;A,https://hobbyking.com/en_us/turnigy-plush-100a-w-ubec-speed-controller.html
JST,https://hobbyking.com/en_us/jst-female-2-pin-connector-set-10pcs-set.html
XT30,https://hobbyking.com/en_us/xt30-power-connectors-for-30a-continuous-applications-esc-side-5pcs.html
XT60,https://hobbyking.com/en_us/nylon-xt60-connectors-male-female-5-pairs-genuine.html
XT90,https://hobbyking.com/en_us/nylon-xt90-connectors-male-female-5-pairs.html
bullet 2&nbsp;mm,https://hobbyking.com/en_us/2mm-gold-connectors-10-pairs-20pc-1.html
bullet 3.5&nbsp;mm,https://hobbyking.com/en_us/polymax-3-5mm-gold-connectors-10-pairs-20pc.html
5x3,https://hobbyking.com/en_us/gemfan-propeller-5x3-black-cw-ccw-2pcs.html
5x4,https://hobbyking.com/en_us/gemfan-propeller-5x4-black-cw-ccw-2pcs.html
5x4.5,https://hobbyking.com/en_us/gemfan-propeller-5x4-5-black-cw-ccw-2pcs-1.html
5x5,https://hobbyking.com/en_us/tgs-precision-folding-propeller-5x5-black-1pc.html
6x3,https://hobbyking.com/en_us/gemfan-6030-grp-nylon-propellers-cw-ccw-set-black.html
6x4,https://hobbyking.com/en_us/apc-style-propeller-6x4-grey-ccw-2pcs.html
6x4.5,https://hobbyking.com/en_us/gemfan-multirotor-crp-propeller-6x4-5-black-cw-ccw-2pcs.html
7x4,https://hobbyking.com/en_us/tgs-precision-sport-propeller-7x4-1pc.html
9x5_quantity,https://hobbyking.com/en_us/hobbyking-8482-propeller-9x5-black-ccw-5pcs.html
9x5_quality,https://hobbyking.com/en_us/master-airscrew-propeller-9x5-1pc-1.html
11x7,https://hobbyking.com/en_us/apc-style-propeller-11x7-grey-ccw-2pcs.html
